{
  "train_loss": [
    4532249.692134555,
    4532236.225471955,
    4532217.194599132,
    4532220.699660261,
    4532215.2144950135,
    4532214.746531515,
    4532202.564011749,
    4532200.552476434,
    4532180.321492701,
    4532170.237281209,
    4532188.8081437545,
    4532162.090827574,
    4532171.806177905,
    4532186.364198617,
    4532150.513029922,
    4532139.244721428,
    4532148.201597591,
    4532135.777844751,
    4532144.073988099,
    4532139.623079908
  ],
  "val_loss": [
    9591138.622902587,
    9591200.348222582,
    9591184.192808397,
    9591191.52460252,
    9591201.564972514,
    9591163.921040766,
    9591141.646080233,
    9591114.71473105,
    9591107.947750771,
    9591148.803795705,
    9591125.974943412,
    9591129.918917963,
    9591115.107605556,
    9591072.730239177,
    9591065.246442737,
    9591086.671107272,
    9591063.735847903,
    9591109.937342227,
    9591143.34792418,
    9591114.403729722
  ],
  "train_price_loss": [
    4050602.251943605,
    4050589.8312599566,
    4050574.4390527983,
    4050575.4708483717,
    4050573.7465980444,
    4050574.6687927465,
    4050559.741906229,
    4050558.8063425436,
    4050542.000148091,
    4050531.128551408,
    4050549.206978348,
    4050524.052977755,
    4050532.3822404696,
    4050548.2318750923,
    4050513.73858126,
    4050502.1794498754,
    4050510.636965896,
    4050499.3658681246,
    4050507.903415205,
    4050503.5939911758
  ],
  "val_price_loss": [
    8385740.184179649,
    8385794.545862344,
    8385779.065002215,
    8385780.372315827,
    8385794.436761777,
    8385762.837065342,
    8385737.892404233,
    8385717.667971146,
    8385706.886980203,
    8385747.083971471,
    8385726.264300422,
    8385728.203377557,
    8385719.430411792,
    8385681.751649567,
    8385670.255410455,
    8385690.345580145,
    8385675.450246163,
    8385710.947485503,
    8385741.024037848,
    8385717.444480036
  ],
  "train_direction_acc": [
    0.515970515970516,
    0.5275535275535276,
    0.5317655317655318,
    0.53001053001053,
    0.53001053001053,
    0.5352755352755353,
    0.5391365391365391,
    0.5436995436995437,
    0.5366795366795367,
    0.5468585468585468,
    0.5517725517725518,
    0.5563355563355563,
    0.5507195507195507,
    0.5594945594945595,
    0.5542295542295542,
    0.5626535626535627,
    0.5573885573885574,
    0.5809055809055809,
    0.5661635661635661,
    0.5573885573885574
  ],
  "val_direction_acc": [
    0.5,
    0.5168539325842697,
    0.5056179775280899,
    0.5140449438202247,
    0.5224719101123596,
    0.5140449438202247,
    0.5196629213483146,
    0.5112359550561798,
    0.5168539325842697,
    0.5421348314606742,
    0.5252808988764045,
    0.5280898876404494,
    0.5252808988764045,
    0.5308988764044944,
    0.5337078651685393,
    0.5421348314606742,
    0.5393258426966292,
    0.547752808988764,
    0.5393258426966292,
    0.5365168539325843
  ],
  "learning_rate": [
    0.0001,
    0.0001,
    0.0001,
    0.0001,
    0.0001,
    0.0001,
    0.0001,
    0.0001,
    0.0001,
    0.0001,
    0.0001,
    0.0001,
    0.0001,
    0.0001,
    0.0001,
    0.0001,
    0.0001,
    0.0001,
    0.0001,
    0.0001
  ]
}